,town,year,Price/sqm (S$),Latitude,Longitude,transaction_count,scale,Distance from city center in km
5,Ang Mo Kio,2005,2574,1.3715046368772066,103.84404963255848,1706,3667.5230504093065,9.025535374942375
6,Ang Mo Kio,2006,2564,1.3715046368772066,103.84404963255848,1565,3363.7746660922016,9.025535374942375
7,Ang Mo Kio,2007,2785,1.3715046368772066,103.84404963255848,1308,2810.133993968117,9.025535374942375
8,Ang Mo Kio,2008,3538,1.3715046368772066,103.84404963255848,1378,2960.931064196467,9.025535374942375
9,Ang Mo Kio,2009,3817,1.3715046368772066,103.84404963255848,1491,3204.360620422232,9.025535374942375
10,Ang Mo Kio,2010,4267,1.3715046368772066,103.84404963255848,1727,3712.762171477811,9.025535374942375
11,Ang Mo Kio,2011,4807,1.3715046368772066,103.84404963255848,1127,2420.2158552348124,9.025535374942375
12,Ang Mo Kio,2012,5134,1.3715046368772066,103.84404963255848,1123,2411.5988797931927,9.025535374942375
13,Ang Mo Kio,2013,5386,1.3715046368772066,103.84404963255848,784,1681.3102111158983,9.025535374942375
14,Ang Mo Kio,2014,5100,1.3715046368772066,103.84404963255848,800,1715.7781128823783,9.025535374942375
15,Ang Mo Kio,2015,4899,1.3715046368772066,103.84404963255848,904,1939.819474364498,9.025535374942375
16,Ang Mo Kio,2016,4880,1.3715046368772066,103.84404963255848,947,2032.451960361913,9.025535374942375
17,Ang Mo Kio,2017,4825,1.3715046368772066,103.84404963255848,942,2021.680741059888,9.025535374942375
18,Ang Mo Kio,2018,4542,1.3715046368772066,103.84404963255848,1014,2176.786299009048,9.025535374942375
19,Ang Mo Kio,2019,4482,1.3715046368772066,103.84404963255848,954,2047.5316673847478,9.025535374942375
20,Ang Mo Kio,2020,4520,1.3715046368772066,103.84404963255848,997,2140.164153382163,9.025535374942375
21,Ang Mo Kio,2021,4929,1.3715046368772066,103.84404963255848,1055,2265.110297285653,9.025535374942375
22,Ang Mo Kio,2022,6328,1.3715046368772066,103.84404963255848,1026,2202.6372253339077,9.025535374942375
29,Bedok,2005,2508,1.3277939734869995,103.92882306446648,1947,4186.69582076691,9.507424665981109
30,Bedok,2006,2493,1.3277939734869995,103.92882306446648,1812,3895.872899612236,9.507424665981109
31,Bedok,2007,2686,1.3277939734869995,103.92882306446648,1626,3495.1835415769065,9.507424665981109
32,Bedok,2008,3317,1.3277939734869995,103.92882306446648,1526,3279.7591555364065,9.507424665981109
33,Bedok,2009,3629,1.3277939734869995,103.92882306446648,1792,3852.788022404136,9.507424665981109
34,Bedok,2010,4105,1.3277939734869995,103.92882306446648,2147,4617.54459284791,9.507424665981109
35,Bedok,2011,4621,1.3277939734869995,103.92882306446648,1338,2874.7613097802673,9.507424665981109
36,Bedok,2012,5026,1.3277939734869995,103.92882306446648,1390,2986.781990521327,9.507424665981109
37,Bedok,2013,5136,1.3277939734869995,103.92882306446648,1117,2398.6734166307624,9.507424665981109
38,Bedok,2014,4893,1.3277939734869995,103.92882306446648,1122,2409.4446359327876,9.507424665981109
39,Bedok,2015,4620,1.3277939734869995,103.92882306446648,1216,2611.943558810857,9.507424665981109
40,Bedok,2016,4562,1.3277939734869995,103.92882306446648,1226,2633.485997414907,9.507424665981109
41,Bedok,2017,4588,1.3277939734869995,103.92882306446648,1148,2465.4549763033174,9.507424665981109
42,Bedok,2018,4489,1.3277939734869995,103.92882306446648,1138,2443.9125376992674,9.507424665981109
43,Bedok,2019,4301,1.3277939734869995,103.92882306446648,1147,2463.3007324429127,9.507424665981109
44,Bedok,2020,4346,1.3277939734869995,103.92882306446648,1315,2825.213700990952,9.507424665981109
45,Bedok,2021,4771,1.3277939734869995,103.92882306446648,1616,3473.6411029728565,9.507424665981109
46,Bedok,2022,5166,1.3277939734869995,103.92882306446648,1367,2937.234381732012,9.507424665981109
53,Bishan,2005,2813,1.3537974954992564,103.84349153797791,640,1371.0990952175787,7.087470372125103
54,Bishan,2006,2833,1.3537974954992564,103.84349153797791,648,1388.3330461008186,7.087470372125103
55,Bishan,2007,3190,1.3537974954992564,103.84349153797791,584,1250.4614390348988,7.087470372125103
56,Bishan,2008,3958,1.3537974954992564,103.84349153797791,602,1289.2378285221887,7.087470372125103
57,Bishan,2009,4101,1.3537974954992564,103.84349153797791,680,1457.2688496337785,7.087470372125103
58,Bishan,2010,4528,1.3537974954992564,103.84349153797791,738,1582.2149935372684,7.087470372125103
59,Bishan,2011,4891,1.3537974954992564,103.84349153797791,427,912.2451529513141,7.087470372125103
60,Bishan,2012,5265,1.3537974954992564,103.84349153797791,411,877.7772511848341,7.087470372125103
61,Bishan,2013,5574,1.3537974954992564,103.84349153797791,292,621.4222317966394,7.087470372125103
62,Bishan,2014,5335,1.3537974954992564,103.84349153797791,283,602.0340370529944,7.087470372125103
63,Bishan,2015,5514,1.3537974954992564,103.84349153797791,311,662.3528651443344,7.087470372125103
64,Bishan,2016,5598,1.3537974954992564,103.84349153797791,374,798.0702283498492,7.087470372125103
65,Bishan,2017,5841,1.3537974954992564,103.84349153797791,446,953.175786299009,7.087470372125103
66,Bishan,2018,5761,1.3537974954992564,103.84349153797791,405,864.8517880224041,7.087470372125103
67,Bishan,2019,5671,1.3537974954992564,103.84349153797791,417,890.7027143472641,7.087470372125103
68,Bishan,2020,5598,1.3537974954992564,103.84349153797791,448,957.484274019819,7.087470372125103
69,Bishan,2021,5970,1.3537974954992564,103.84349153797791,570,1220.3020249892288,7.087470372125103
70,Bishan,2022,6558,1.3537974954992564,103.84349153797791,465,994.106419646704,7.087470372125103
77,Bukit Batok,2005,2270,1.3538725166561387,103.74994862062468,1390,2986.781990521327,13.354607658113295
78,Bukit Batok,2006,2250,1.3538725166561387,103.74994862062468,1266,2719.6557518311074,13.354607658113295
79,Bukit Batok,2007,2397,1.3538725166561387,103.74994862062468,1126,2418.0616113744077,13.354607658113295
80,Bukit Batok,2008,3033,1.3538725166561387,103.74994862062468,1305,2803.671262386902,13.354607658113295
81,Bukit Batok,2009,3299,1.3538725166561387,103.74994862062468,1441,3096.6484274019817,13.354607658113295
82,Bukit Batok,2010,3750,1.3538725166561387,103.74994862062468,1540,3309.9185695820765,13.354607658113295
83,Bukit Batok,2011,4308,1.3538725166561387,103.74994862062468,944,2025.9892287806979,13.354607658113295
84,Bukit Batok,2012,4577,1.3538725166561387,103.74994862062468,1025,2200.4829814735026,13.354607658113295
85,Bukit Batok,2013,4797,1.3538725166561387,103.74994862062468,627,1343.0939250323136,13.354607658113295
86,Bukit Batok,2014,4396,1.3538725166561387,103.74994862062468,620,1328.0142180094788,13.354607658113295
87,Bukit Batok,2015,4187,1.3538725166561387,103.74994862062468,741,1588.6777251184833,13.354607658113295
88,Bukit Batok,2016,4178,1.3538725166561387,103.74994862062468,760,1629.6083584661783,13.354607658113295
89,Bukit Batok,2017,3958,1.3538725166561387,103.74994862062468,736,1577.9065058164583,13.354607658113295
90,Bukit Batok,2018,3844,1.3538725166561387,103.74994862062468,841,1804.1021111589832,13.354607658113295
91,Bukit Batok,2019,3645,1.3538725166561387,103.74994862062468,874,1875.192158552348,13.354607658113295
92,Bukit Batok,2020,3858,1.3538725166561387,103.74994862062468,686,1470.1943127962086,13.354607658113295
93,Bukit Batok,2021,4469,1.3538725166561387,103.74994862062468,752,1612.3744075829384,13.354607658113295
94,Bukit Batok,2022,5080,1.3538725166561387,103.74994862062468,886,1901.043084877208,13.354607658113295
101,Bukit Merah,2005,2899,1.283434696182007,103.82416680925908,1092,2344.8173201206378,3.184043551148501
102,Bukit Merah,2006,2972,1.283434696182007,103.82416680925908,1103,2368.514002585093,3.184043551148501
103,Bukit Merah,2007,3466,1.283434696182007,103.82416680925908,1070,2297.4239551917276,3.184043551148501
104,Bukit Merah,2008,4297,1.283434696182007,103.82416680925908,1077,2312.5036622145626,3.184043551148501
105,Bukit Merah,2009,4637,1.283434696182007,103.82416680925908,1106,2374.976734166308,3.184043551148501
106,Bukit Merah,2010,5284,1.283434696182007,103.82416680925908,1298,2788.591555364067,3.184043551148501
107,Bukit Merah,2011,5820,1.283434696182007,103.82416680925908,909,1950.590693666523,3.184043551148501
108,Bukit Merah,2012,6263,1.283434696182007,103.82416680925908,895,1920.431279620853,3.184043551148501
109,Bukit Merah,2013,6445,1.283434696182007,103.82416680925908,692,1483.1197759586385,3.184043551148501
110,Bukit Merah,2014,6218,1.283434696182007,103.82416680925908,666,1427.1094355881087,3.184043551148501
111,Bukit Merah,2015,6099,1.283434696182007,103.82416680925908,643,1377.5618267987936,3.184043551148501
112,Bukit Merah,2016,6013,1.283434696182007,103.82416680925908,722,1547.7470917707885,3.184043551148501
113,Bukit Merah,2017,6092,1.283434696182007,103.82416680925908,829,1778.2511848341233,3.184043551148501
114,Bukit Merah,2018,5849,1.283434696182007,103.82416680925908,874,1875.192158552348,3.184043551148501
115,Bukit Merah,2019,5625,1.283434696182007,103.82416680925908,880,1888.1176217147781,3.184043551148501
116,Bukit Merah,2020,5773,1.283434696182007,103.82416680925908,795,1705.0068935803533,3.184043551148501
117,Bukit Merah,2021,6214,1.283434696182007,103.82416680925908,1173,2519.3110728134425,3.184043551148501
118,Bukit Merah,2022,6753,1.283434696182007,103.82416680925908,963,2066.919862128393,3.184043551148501
125,Bukit Panjang,2005,2277,1.3810693658041442,103.76817542963285,1020,2189.711762171478,13.702021140336894
126,Bukit Panjang,2006,2271,1.3810693658041442,103.76817542963285,990,2125.084446359328,13.702021140336894
127,Bukit Panjang,2007,2307,1.3810693658041442,103.76817542963285,983,2110.004739336493,13.702021140336894
128,Bukit Panjang,2008,2676,1.3810693658041442,103.76817542963285,972,2086.308056872038,13.702021140336894
129,Bukit Panjang,2009,3006,1.3810693658041442,103.76817542963285,1142,2452.5295131408875,13.702021140336894
130,Bukit Panjang,2010,3514,1.3810693658041442,103.76817542963285,1207,2592.5553640672124,13.702021140336894
131,Bukit Panjang,2011,3968,1.3810693658041442,103.76817542963285,853,1829.9530374838432,13.702021140336894
132,Bukit Panjang,2012,4262,1.3810693658041442,103.76817542963285,826,1771.7884532529083,13.702021140336894
133,Bukit Panjang,2013,4436,1.3810693658041442,103.76817542963285,500,1069.504954760879,13.702021140336894
134,Bukit Panjang,2014,4089,1.3810693658041442,103.76817542963285,537,1149.2119775958638,13.702021140336894
135,Bukit Panjang,2015,3864,1.3810693658041442,103.76817542963285,654,1401.2585092632487,13.702021140336894
136,Bukit Panjang,2016,3779,1.3810693658041442,103.76817542963285,744,1595.1404566996985,13.702021140336894
137,Bukit Panjang,2017,3726,1.3810693658041442,103.76817542963285,694,1487.4282636794485,13.702021140336894
138,Bukit Panjang,2018,3700,1.3810693658041442,103.76817542963285,753,1614.5286514433433,13.702021140336894
139,Bukit Panjang,2019,3846,1.3810693658041442,103.76817542963285,937,2010.9095217578629,13.702021140336894
140,Bukit Panjang,2020,4374,1.3810693658041442,103.76817542963285,1143,2454.6837570012926,13.702021140336894
141,Bukit Panjang,2021,4747,1.3810693658041442,103.76817542963285,1055,2265.110297285653,13.702021140336894
142,Bukit Panjang,2022,5065,1.3810693658041442,103.76817542963285,954,2047.5316673847478,13.702021140336894
149,Bukit Timah,2005,2885,1.322808372868823,103.79852606634576,79,162.56828953037484,6.950324613700283
150,Bukit Timah,2006,2972,1.322808372868823,103.79852606634576,78,160.41404566996985,6.950324613700283
151,Bukit Timah,2007,3365,1.322808372868823,103.79852606634576,61,123.79190004308488,6.950324613700283
152,Bukit Timah,2008,4590,1.322808372868823,103.79852606634576,89,184.11072813442482,6.950324613700283
153,Bukit Timah,2009,4583,1.322808372868823,103.79852606634576,86,177.64799655320982,6.950324613700283
154,Bukit Timah,2010,5177,1.322808372868823,103.79852606634576,92,190.5734597156398,6.950324613700283
155,Bukit Timah,2011,5860,1.322808372868823,103.79852606634576,32,61.31882809133994,6.950324613700283
156,Bukit Timah,2012,6423,1.322808372868823,103.79852606634576,44,87.16975441619991,6.950324613700283
157,Bukit Timah,2013,6455,1.322808372868823,103.79852606634576,34,65.62731581214993,6.950324613700283
158,Bukit Timah,2014,6410,1.322808372868823,103.79852606634576,26,48.39336492890995,6.950324613700283
159,Bukit Timah,2015,6349,1.322808372868823,103.79852606634576,34,65.62731581214993,6.950324613700283
160,Bukit Timah,2016,6259,1.322808372868823,103.79852606634576,54,108.7121930202499,6.950324613700283
161,Bukit Timah,2017,6340,1.322808372868823,103.79852606634576,57,115.17492460146488,6.950324613700283
162,Bukit Timah,2018,6358,1.322808372868823,103.79852606634576,61,123.79190004308488,6.950324613700283
163,Bukit Timah,2019,6320,1.322808372868823,103.79852606634576,71,145.33433864713484,6.950324613700283
164,Bukit Timah,2020,6346,1.322808372868823,103.79852606634576,47,93.6324859974149,6.950324613700283
165,Bukit Timah,2021,5961,1.322808372868823,103.79852606634576,82,169.03102111158984,6.950324613700283
166,Bukit Timah,2022,6332,1.322808372868823,103.79852606634576,62,125.94614390348987,6.950324613700283
173,Central Area,2005,3228,1.2952713754223018,103.8488270542937,233,494.3218440327445,0.6537056478844921
174,Central Area,2006,3344,1.2952713754223018,103.8488270542937,190,401.6893580353296,0.6537056478844921
175,Central Area,2007,3833,1.2952713754223018,103.8488270542937,172,362.91296854803966,0.6537056478844921
176,Central Area,2008,4626,1.2952713754223018,103.8488270542937,194,410.3063334769496,0.6537056478844921
177,Central Area,2009,5036,1.2952713754223018,103.8488270542937,203,429.6945282205946,0.6537056478844921
178,Central Area,2010,5570,1.2952713754223018,103.8488270542937,257,546.0236966824644,0.6537056478844921
179,Central Area,2011,6060,1.2952713754223018,103.8488270542937,156,328.44506678155966,0.6537056478844921
180,Central Area,2012,6797,1.2952713754223018,103.8488270542937,130,272.4347264110297,0.6537056478844921
181,Central Area,2013,6923,1.2952713754223018,103.8488270542937,100,207.80741059887978,0.6537056478844921
182,Central Area,2014,6427,1.2952713754223018,103.8488270542937,110,229.34984920292976,0.6537056478844921
183,Central Area,2015,6417,1.2952713754223018,103.8488270542937,218,462.00818612666956,0.6537056478844921
184,Central Area,2016,6391,1.2952713754223018,103.8488270542937,192,405.9978457561396,0.6537056478844921
185,Central Area,2017,5954,1.2952713754223018,103.8488270542937,182,384.4554071520896,0.6537056478844921
186,Central Area,2018,6115,1.2952713754223018,103.8488270542937,177,373.68418785006463,0.6537056478844921
187,Central Area,2019,6272,1.2952713754223018,103.8488270542937,187,395.2266264541146,0.6537056478844921
188,Central Area,2020,6044,1.2952713754223018,103.8488270542937,170,358.6044808272296,0.6537056478844921
189,Central Area,2021,6013,1.2952713754223018,103.8488270542937,261,554.6406721240844,0.6537056478844921
190,Central Area,2022,6641,1.2952713754223018,103.8488270542937,213,451.2369668246445,0.6537056478844921
197,Choa Chu Kang,2005,2234,1.3881969824810985,103.74683279191616,1367,2937.234381732012,15.941384026462082
198,Choa Chu Kang,2006,2201,1.3881969824810985,103.74683279191616,1195,2566.7044377423526,15.941384026462082
199,Choa Chu Kang,2007,2317,1.3881969824810985,103.74683279191616,1380,2965.239551917277,15.941384026462082
200,Choa Chu Kang,2008,2745,1.3881969824810985,103.74683279191616,1256,2698.1133132270575,15.941384026462082
201,Choa Chu Kang,2009,2969,1.3881969824810985,103.74683279191616,1515,3256.062473071952,15.941384026462082
202,Choa Chu Kang,2010,3360,1.3881969824810985,103.74683279191616,1601,3441.3274450667814,15.941384026462082
203,Choa Chu Kang,2011,3721,1.3881969824810985,103.74683279191616,945,2028.143472641103,15.941384026462082
204,Choa Chu Kang,2012,4046,1.3881969824810985,103.74683279191616,1060,2275.8815165876777,15.941384026462082
205,Choa Chu Kang,2013,4211,1.3881969824810985,103.74683279191616,594,1272.0038776389488,15.941384026462082
206,Choa Chu Kang,2014,3872,1.3881969824810985,103.74683279191616,504,1078.121930202499,15.941384026462082
207,Choa Chu Kang,2015,3576,1.3881969824810985,103.74683279191616,799,1713.6238690219732,15.941384026462082
208,Choa Chu Kang,2016,3476,1.3881969824810985,103.74683279191616,971,2084.153813011633,15.941384026462082
209,Choa Chu Kang,2017,3436,1.3881969824810985,103.74683279191616,804,1724.3950883239984,15.941384026462082
210,Choa Chu Kang,2018,3468,1.3881969824810985,103.74683279191616,933,2002.292546316243,15.941384026462082
211,Choa Chu Kang,2019,3429,1.3881969824810985,103.74683279191616,923,1980.750107712193,15.941384026462082
212,Choa Chu Kang,2020,3637,1.3881969824810985,103.74683279191616,942,2021.680741059888,15.941384026462082
213,Choa Chu Kang,2021,4116,1.3881969824810985,103.74683279191616,1570,3374.5458853942264,15.941384026462082
214,Choa Chu Kang,2022,4715,1.3881969824810985,103.74683279191616,1404,3016.941404566997,15.941384026462082
221,Clementi,2005,2716,1.3148969784311282,103.76663218876779,886,1901.043084877208,9.878831019537454
222,Clementi,2006,2678,1.3148969784311282,103.76663218876779,793,1700.6984058595433,9.878831019537454
223,Clementi,2007,2933,1.3148969784311282,103.76663218876779,751,1610.2201637225335,9.878831019537454
224,Clementi,2008,3789,1.3148969784311282,103.76663218876779,691,1480.9655320982336,9.878831019537454
225,Clementi,2009,4032,1.3148969784311282,103.76663218876779,774,1659.7677725118483,9.878831019537454
226,Clementi,2010,4507,1.3148969784311282,103.76663218876779,873,1873.0379146919431,9.878831019537454
227,Clementi,2011,5061,1.3148969784311282,103.76663218876779,488,1043.654028436019,9.878831019537454
228,Clementi,2012,5575,1.3148969784311282,103.76663218876779,575,1231.0732442912538,9.878831019537454
229,Clementi,2013,5718,1.3148969784311282,103.76663218876779,410,875.6230073244291,9.878831019537454
230,Clementi,2014,5559,1.3148969784311282,103.76663218876779,401,856.2348125807841,9.878831019537454
231,Clementi,2015,5342,1.3148969784311282,103.76663218876779,458,979.026712623869,9.878831019537454
232,Clementi,2016,5275,1.3148969784311282,103.76663218876779,475,1015.648858250754,9.878831019537454
233,Clementi,2017,5248,1.3148969784311282,103.76663218876779,438,935.9418354157691,9.878831019537454
234,Clementi,2018,5056,1.3148969784311282,103.76663218876779,486,1039.345540715209,9.878831019537454
235,Clementi,2019,4707,1.3148969784311282,103.76663218876779,479,1024.265833692374,9.878831019537454
236,Clementi,2020,4845,1.3148969784311282,103.76663218876779,583,1248.3071951744937,9.878831019537454
237,Clementi,2021,5043,1.3148969784311282,103.76663218876779,672,1440.0348987505386,9.878831019537454
238,Clementi,2022,5613,1.3148969784311282,103.76663218876779,610,1306.4717794054286,9.878831019537454
245,Geylang,2005,2685,1.3180508997882943,103.88916522064397,914,1961.361912968548,5.155761084748923
246,Geylang,2006,2696,1.3180508997882943,103.88916522064397,785,1683.4644549763034,5.155761084748923
247,Geylang,2007,2842,1.3180508997882943,103.88916522064397,705,1511.1249461439036,5.155761084748923
248,Geylang,2008,3531,1.3180508997882943,103.88916522064397,688,1474.5028005170186,5.155761084748923
249,Geylang,2009,3835,1.3180508997882943,103.88916522064397,828,1776.0969409737181,5.155761084748923
250,Geylang,2010,4355,1.3180508997882943,103.88916522064397,1136,2439.6040499784576,5.155761084748923
251,Geylang,2011,4890,1.3180508997882943,103.88916522064397,672,1440.0348987505386,5.155761084748923
252,Geylang,2012,5327,1.3180508997882943,103.88916522064397,665,1424.9551917277035,5.155761084748923
253,Geylang,2013,5482,1.3180508997882943,103.88916522064397,498,1065.196467040069,5.155761084748923
254,Geylang,2014,5228,1.3180508997882943,103.88916522064397,454,970.409737182249,5.155761084748923
255,Geylang,2015,5205,1.3180508997882943,103.88916522064397,514,1099.664368806549,5.155761084748923
256,Geylang,2016,5218,1.3180508997882943,103.88916522064397,518,1108.2813442481688,5.155761084748923
257,Geylang,2017,5248,1.3180508997882943,103.88916522064397,567,1213.8392934080139,5.155761084748923
258,Geylang,2018,5065,1.3180508997882943,103.88916522064397,451,963.947005601034,5.155761084748923
259,Geylang,2019,5018,1.3180508997882943,103.88916522064397,536,1147.057733735459,5.155761084748923
260,Geylang,2020,4958,1.3180508997882943,103.88916522064397,570,1220.3020249892288,5.155761084748923
261,Geylang,2021,5333,1.3180508997882943,103.88916522064397,744,1595.1404566996985,5.155761084748923
262,Geylang,2022,5949,1.3180508997882943,103.88916522064397,683,1463.7315812149936,5.155761084748923
269,Hougang,2005,2344,1.3690595670811545,103.88830468089567,1643,3531.8056872037914,9.605348158985542
270,Hougang,2006,2320,1.3690595670811545,103.88830468089567,1458,3133.2705730288667,9.605348158985542
271,Hougang,2007,2548,1.3690595670811545,103.88830468089567,1397,3001.861697544162,9.605348158985542
272,Hougang,2008,3100,1.3690595670811545,103.88830468089567,1473,3165.584230934942,9.605348158985542
273,Hougang,2009,3251,1.3690595670811545,103.88830468089567,1572,3378.8543731150367,9.605348158985542
274,Hougang,2010,3694,1.3690595670811545,103.88830468089567,1811,3893.718655751831,9.605348158985542
275,Hougang,2011,4183,1.3690595670811545,103.88830468089567,1217,2614.0978026712623,9.605348158985542
276,Hougang,2012,4695,1.3690595670811545,103.88830468089567,1163,2497.7686342093925,9.605348158985542
277,Hougang,2013,4827,1.3690595670811545,103.88830468089567,839,1799.7936234381732,9.605348158985542
278,Hougang,2014,4531,1.3690595670811545,103.88830468089567,824,1767.4799655320983,9.605348158985542
279,Hougang,2015,4248,1.3690595670811545,103.88830468089567,918,1969.978888410168,9.605348158985542
280,Hougang,2016,4109,1.3690595670811545,103.88830468089567,991,2127.2386902197327,9.605348158985542
281,Hougang,2017,4087,1.3690595670811545,103.88830468089567,980,2103.542007755278,9.605348158985542
282,Hougang,2018,4009,1.3690595670811545,103.88830468089567,1035,2222.0254200775526,9.605348158985542
283,Hougang,2019,3985,1.3690595670811545,103.88830468089567,967,2075.5368375700127,9.605348158985542
284,Hougang,2020,4107,1.3690595670811545,103.88830468089567,1250,2685.187850064627,9.605348158985542
285,Hougang,2021,4598,1.3690595670811545,103.88830468089567,1471,3161.275743214132,9.605348158985542
286,Hougang,2022,5115,1.3690595670811545,103.88830468089567,1326,2848.910383455407,9.605348158985542
293,Jurong East,2005,2234,1.3385149668669416,103.73838201368328,805,1726.5493321844033,13.719661417124971
294,Jurong East,2006,2204,1.3385149668669416,103.73838201368328,700,1500.3537268418786,13.719661417124971
295,Jurong East,2007,2364,1.3385149668669416,103.73838201368328,742,1590.8319689788884,13.719661417124971
296,Jurong East,2008,2911,1.3385149668669416,103.73838201368328,702,1504.6622145626884,13.719661417124971
297,Jurong East,2009,3238,1.3385149668669416,103.73838201368328,728,1560.6725549332184,13.719661417124971
298,Jurong East,2010,3720,1.3385149668669416,103.73838201368328,840,1801.947867298578,13.719661417124971
299,Jurong East,2011,4121,1.3385149668669416,103.73838201368328,462,987.643688065489,13.719661417124971
300,Jurong East,2012,4736,1.3385149668669416,103.73838201368328,535,1144.9034898750538,13.719661417124971
301,Jurong East,2013,4642,1.3385149668669416,103.73838201368328,391,834.6923739767342,13.719661417124971
302,Jurong East,2014,4455,1.3385149668669416,103.73838201368328,399,851.9263248599741,13.719661417124971
303,Jurong East,2015,4317,1.3385149668669416,103.73838201368328,399,851.9263248599741,13.719661417124971
304,Jurong East,2016,4275,1.3385149668669416,103.73838201368328,433,925.170616113744,13.719661417124971
305,Jurong East,2017,4114,1.3385149668669416,103.73838201368328,457,976.872468763464,13.719661417124971
306,Jurong East,2018,4207,1.3385149668669416,103.73838201368328,489,1045.8082722964239,13.719661417124971
307,Jurong East,2019,3971,1.3385149668669416,103.73838201368328,500,1069.504954760879,13.719661417124971
308,Jurong East,2020,3864,1.3385149668669416,103.73838201368328,502,1073.813442481689,13.719661417124971
309,Jurong East,2021,4542,1.3385149668669416,103.73838201368328,565,1209.5308056872038,13.719661417124971
310,Jurong East,2022,5024,1.3385149668669416,103.73838201368328,485,1037.191296854804,13.719661417124971
317,Jurong West,2005,2162,1.3420755165655913,103.70982377564457,2475,5324.13657906075,16.823561153024237
318,Jurong West,2006,2163,1.3420755165655913,103.70982377564457,2207,4746.79922447221,16.823561153024237
319,Jurong West,2007,2201,1.3420755165655913,103.70982377564457,2069,4449.513571736321,16.823561153024237
320,Jurong West,2008,2796,1.3420755165655913,103.70982377564457,2110,4537.837570012925,16.823561153024237
321,Jurong West,2009,3088,1.3420755165655913,103.70982377564457,2477,5328.44506678156,16.823561153024237
322,Jurong West,2010,3507,1.3420755165655913,103.70982377564457,2904,6248.307195174494,16.823561153024237
323,Jurong West,2011,3902,1.3420755165655913,103.70982377564457,1851,3979.888410168031,16.823561153024237
324,Jurong West,2012,4238,1.3420755165655913,103.70982377564457,1931,4152.227919000431,16.823561153024237
325,Jurong West,2013,4485,1.3420755165655913,103.70982377564457,1379,2963.0853080568722,16.823561153024237
326,Jurong West,2014,4055,1.3420755165655913,103.70982377564457,1375,2954.468332615252,16.823561153024237
327,Jurong West,2015,3852,1.3420755165655913,103.70982377564457,1440,3094.494183541577,16.823561153024237
328,Jurong West,2016,3818,1.3420755165655913,103.70982377564457,1448,3111.7281344248167,16.823561153024237
329,Jurong West,2017,3668,1.3420755165655913,103.70982377564457,1620,3482.2580784144766,16.823561153024237
330,Jurong West,2018,3462,1.3420755165655913,103.70982377564457,1622,3486.5665661352864,16.823561153024237
331,Jurong West,2019,3422,1.3420755165655913,103.70982377564457,1703,3661.060318828091,16.823561153024237
332,Jurong West,2020,3612,1.3420755165655913,103.70982377564457,1439,3092.339939681172,16.823561153024237
333,Jurong West,2021,4112,1.3420755165655913,103.70982377564457,1500,3223.7488151658767,16.823561153024237
334,Jurong West,2022,4554,1.3420755165655913,103.70982377564457,1655,3557.6566135286516,16.823561153024237
341,Kallang/Whampoa,2005,2686,1.3160671178102734,103.85895389653375,782,1677.0017233950882,2.9568293882152297
342,Kallang/Whampoa,2006,2774,1.3160671178102734,103.85895389653375,793,1700.6984058595433,2.9568293882152297
343,Kallang/Whampoa,2007,3127,1.3160671178102734,103.85895389653375,766,1642.5338216286084,2.9568293882152297
344,Kallang/Whampoa,2008,3823,1.3160671178102734,103.85895389653375,770,1651.1507970702282,2.9568293882152297
345,Kallang/Whampoa,2009,4128,1.3160671178102734,103.85895389653375,894,1918.2770357604481,2.9568293882152297
346,Kallang/Whampoa,2010,4675,1.3160671178102734,103.85895389653375,1051,2256.493321844033,2.9568293882152297
347,Kallang/Whampoa,2011,5164,1.3160671178102734,103.85895389653375,631,1351.7109004739336,2.9568293882152297
348,Kallang/Whampoa,2012,5674,1.3160671178102734,103.85895389653375,634,1358.1736320551486,2.9568293882152297
349,Kallang/Whampoa,2013,5811,1.3160671178102734,103.85895389653375,491,1050.116760017234,2.9568293882152297
350,Kallang/Whampoa,2014,5621,1.3160671178102734,103.85895389653375,485,1037.191296854804,2.9568293882152297
351,Kallang/Whampoa,2015,5474,1.3160671178102734,103.85895389653375,506,1082.4304179233088,2.9568293882152297
352,Kallang/Whampoa,2016,5614,1.3160671178102734,103.85895389653375,639,1368.9448513571735,2.9568293882152297
353,Kallang/Whampoa,2017,5439,1.3160671178102734,103.85895389653375,691,1480.9655320982336,2.9568293882152297
354,Kallang/Whampoa,2018,5267,1.3160671178102734,103.85895389653375,626,1340.9396811719087,2.9568293882152297
355,Kallang/Whampoa,2019,5279,1.3160671178102734,103.85895389653375,600,1284.9293408013787,2.9568293882152297
356,Kallang/Whampoa,2020,5079,1.3160671178102734,103.85895389653375,568,1215.9935372684188,2.9568293882152297
357,Kallang/Whampoa,2021,5631,1.3160671178102734,103.85895389653375,882,1892.4261094355882,2.9568293882152297
358,Kallang/Whampoa,2022,6146,1.3160671178102734,103.85895389653375,927,1989.367083153813,2.9568293882152297
365,Marine Parade,2005,3293,1.3038934089505227,103.91214660756329,246,522.3270142180095,6.865648743564622
366,Marine Parade,2006,3368,1.3038934089505227,103.91214660756329,229,485.7048685911245,6.865648743564622
367,Marine Parade,2007,3769,1.3038934089505227,103.91214660756329,231,490.0133563119345,6.865648743564622
368,Marine Parade,2008,4698,1.3038934089505227,103.91214660756329,250,530.9439896596294,6.865648743564622
369,Marine Parade,2009,4720,1.3038934089505227,103.91214660756329,240,509.4015510555795,6.865648743564622
370,Marine Parade,2010,5416,1.3038934089505227,103.91214660756329,269,571.8746230073244,6.865648743564622
371,Marine Parade,2011,5927,1.3038934089505227,103.91214660756329,163,343.52477380439467,6.865648743564622
372,Marine Parade,2012,6397,1.3038934089505227,103.91214660756329,154,324.1365790607497,6.865648743564622
373,Marine Parade,2013,6599,1.3038934089505227,103.91214660756329,110,229.34984920292976,6.865648743564622
374,Marine Parade,2014,6289,1.3038934089505227,103.91214660756329,151,317.6738474795347,6.865648743564622
375,Marine Parade,2015,6105,1.3038934089505227,103.91214660756329,110,229.34984920292976,6.865648743564622
376,Marine Parade,2016,6207,1.3038934089505227,103.91214660756329,115,240.12106850495476,6.865648743564622
377,Marine Parade,2017,6052,1.3038934089505227,103.91214660756329,124,259.5092632485997,6.865648743564622
378,Marine Parade,2018,6013,1.3038934089505227,103.91214660756329,140,293.9771650150797,6.865648743564622
379,Marine Parade,2019,5526,1.3038934089505227,103.91214660756329,125,261.66350710900474,6.865648743564622
380,Marine Parade,2020,5416,1.3038934089505227,103.91214660756329,132,276.74321413183975,6.865648743564622
381,Marine Parade,2021,5909,1.3038934089505227,103.91214660756329,204,431.8487720809996,6.865648743564622
382,Marine Parade,2022,6332,1.3038934089505227,103.91214660756329,194,410.3063334769496,6.865648743564622
389,Pasir Ris,2005,2326,1.3739657405757402,103.95144699886514,1034,2219.871176217148,14.430426178708046
390,Pasir Ris,2006,2355,1.3739657405757402,103.95144699886514,925,1985.0585954330031,14.430426178708046
391,Pasir Ris,2007,2482,1.3739657405757402,103.95144699886514,875,1877.3464024127532,14.430426178708046
392,Pasir Ris,2008,2993,1.3739657405757402,103.95144699886514,855,1834.2615252046533,14.430426178708046
393,Pasir Ris,2009,3173,1.3739657405757402,103.95144699886514,1077,2312.5036622145626,14.430426178708046
394,Pasir Ris,2010,3503,1.3739657405757402,103.95144699886514,1254,2693.804825506247,14.430426178708046
395,Pasir Ris,2011,3979,1.3739657405757402,103.95144699886514,737,1580.0607496768635,14.430426178708046
396,Pasir Ris,2012,4238,1.3739657405757402,103.95144699886514,833,1786.8681602757433,14.430426178708046
397,Pasir Ris,2013,4362,1.3739657405757402,103.95144699886514,538,1151.366221456269,14.430426178708046
398,Pasir Ris,2014,4161,1.3739657405757402,103.95144699886514,519,1110.435588108574,14.430426178708046
399,Pasir Ris,2015,3893,1.3739657405757402,103.95144699886514,612,1310.7802671262386,14.430426178708046
400,Pasir Ris,2016,3870,1.3739657405757402,103.95144699886514,573,1226.7647565704438,14.430426178708046
401,Pasir Ris,2017,3811,1.3739657405757402,103.95144699886514,626,1340.9396811719087,14.430426178708046
402,Pasir Ris,2018,3903,1.3739657405757402,103.95144699886514,625,1338.7854373115038,14.430426178708046
403,Pasir Ris,2019,4029,1.3739657405757402,103.95144699886514,585,1252.6156828953037,14.430426178708046
404,Pasir Ris,2020,4062,1.3739657405757402,103.95144699886514,849,1821.3360620422231,14.430426178708046
405,Pasir Ris,2021,4492,1.3739657405757402,103.95144699886514,951,2041.068935803533,14.430426178708046
406,Pasir Ris,2022,4919,1.3739657405757402,103.95144699886514,818,1754.5545023696682,14.430426178708046
408,Punggol,2005,2772,1.399416163500561,103.90825296188102,15,24.696682464454977,13.597996131790076
409,Punggol,2006,2786,1.399416163500561,103.90825296188102,220,466.31667384747954,13.597996131790076
410,Punggol,2007,2866,1.399416163500561,103.90825296188102,739,1584.3692373976735,13.597996131790076
411,Punggol,2008,3460,1.399416163500561,103.90825296188102,763,1636.0710900473935,13.597996131790076
412,Punggol,2009,3574,1.399416163500561,103.90825296188102,976,2094.925032313658,13.597996131790076
413,Punggol,2010,4090,1.399416163500561,103.90825296188102,806,1728.7035760448082,13.597996131790076
414,Punggol,2011,4731,1.399416163500561,103.90825296188102,623,1334.4769495906937,13.597996131790076
415,Punggol,2012,5049,1.399416163500561,103.90825296188102,734,1573.5980180956485,13.597996131790076
416,Punggol,2013,5156,1.399416163500561,103.90825296188102,353,752.8311072813442,13.597996131790076
417,Punggol,2014,4756,1.399416163500561,103.90825296188102,438,935.9418354157691,13.597996131790076
418,Punggol,2015,4409,1.399416163500561,103.90825296188102,628,1345.2481688927187,13.597996131790076
419,Punggol,2016,4510,1.399416163500561,103.90825296188102,922,1978.595863851788,13.597996131790076
420,Punggol,2017,4560,1.399416163500561,103.90825296188102,1316,2827.367944851357,13.597996131790076
421,Punggol,2018,4521,1.399416163500561,103.90825296188102,1537,3303.4558380008616,13.597996131790076
422,Punggol,2019,4690,1.399416163500561,103.90825296188102,1160,2491.3059026281776,13.597996131790076
423,Punggol,2020,4933,1.399416163500561,103.90825296188102,1748,3758.001292546316,13.597996131790076
424,Punggol,2021,5329,1.399416163500561,103.90825296188102,2742,5899.319689788884,13.597996131790076
425,Punggol,2022,5976,1.399416163500561,103.90825296188102,2007,4315.950452391211,13.597996131790076
432,Queenstown,2005,2835,1.3015124062061971,103.79701199877948,1032,2215.5626884963376,6.240195214501978
433,Queenstown,2006,2883,1.3015124062061971,103.79701199877948,864,1853.649719948298,6.240195214501978
434,Queenstown,2007,3376,1.3015124062061971,103.79701199877948,885,1898.888841016803,6.240195214501978
435,Queenstown,2008,4500,1.3015124062061971,103.79701199877948,874,1875.192158552348,6.240195214501978
436,Queenstown,2009,4676,1.3015124062061971,103.79701199877948,890,1909.660060318828,6.240195214501978
437,Queenstown,2010,5193,1.3015124062061971,103.79701199877948,996,2138.009909521758,6.240195214501978
438,Queenstown,2011,5681,1.3015124062061971,103.79701199877948,596,1276.3123653597588,6.240195214501978
439,Queenstown,2012,6038,1.3015124062061971,103.79701199877948,616,1319.3972425678587,6.240195214501978
440,Queenstown,2013,6434,1.3015124062061971,103.79701199877948,474,1013.4946143903489,6.240195214501978
441,Queenstown,2014,6306,1.3015124062061971,103.79701199877948,463,989.797931925894,6.240195214501978
442,Queenstown,2015,6160,1.3015124062061971,103.79701199877948,491,1050.116760017234,6.240195214501978
443,Queenstown,2016,6496,1.3015124062061971,103.79701199877948,480,1026.420077552779,6.240195214501978
444,Queenstown,2017,6388,1.3015124062061971,103.79701199877948,527,1127.6695389918139,6.240195214501978
445,Queenstown,2018,5846,1.3015124062061971,103.79701199877948,621,1330.1684618698837,6.240195214501978
446,Queenstown,2019,5890,1.3015124062061971,103.79701199877948,563,1205.2223179663938,6.240195214501978
447,Queenstown,2020,6013,1.3015124062061971,103.79701199877948,653,1399.1042654028436,6.240195214501978
448,Queenstown,2021,6306,1.3015124062061971,103.79701199877948,987,2118.621714778113,6.240195214501978
449,Queenstown,2022,6761,1.3015124062061971,103.79701199877948,755,1618.8371391641533,6.240195214501978
454,Sembawang,2005,2400,1.449755855918237,103.81985263291774,896,1922.5855234812582,17.99346101262305
455,Sembawang,2006,2441,1.449755855918237,103.81985263291774,782,1677.0017233950882,17.99346101262305
456,Sembawang,2007,2586,1.449755855918237,103.81985263291774,726,1556.3640672124084,17.99346101262305
457,Sembawang,2008,3156,1.449755855918237,103.81985263291774,754,1616.6828953037484,17.99346101262305
458,Sembawang,2009,3300,1.449755855918237,103.81985263291774,908,1948.436449806118,17.99346101262305
459,Sembawang,2010,3634,1.449755855918237,103.81985263291774,821,1761.0172339508833,17.99346101262305
460,Sembawang,2011,4014,1.449755855918237,103.81985263291774,560,1198.7595863851789,17.99346101262305
461,Sembawang,2012,4318,1.449755855918237,103.81985263291774,572,1224.6105127100388,17.99346101262305
462,Sembawang,2013,4474,1.449755855918237,103.81985263291774,346,737.7514002585093,17.99346101262305
463,Sembawang,2014,4105,1.449755855918237,103.81985263291774,382,815.3041792330891,17.99346101262305
464,Sembawang,2015,3825,1.449755855918237,103.81985263291774,499,1067.350710900474,17.99346101262305
465,Sembawang,2016,3781,1.449755855918237,103.81985263291774,515,1101.8186126669539,17.99346101262305
466,Sembawang,2017,3681,1.449755855918237,103.81985263291774,525,1123.3610512710038,17.99346101262305
467,Sembawang,2018,3557,1.449755855918237,103.81985263291774,586,1254.7699267557086,17.99346101262305
468,Sembawang,2019,3636,1.449755855918237,103.81985263291774,643,1377.5618267987936,17.99346101262305
469,Sembawang,2020,3727,1.449755855918237,103.81985263291774,450,961.7927617406291,17.99346101262305
470,Sembawang,2021,4363,1.449755855918237,103.81985263291774,513,1097.5101249461438,17.99346101262305
471,Sembawang,2022,4923,1.449755855918237,103.81985263291774,790,1694.2356742783284,17.99346101262305
476,Sengkang,2005,2572,1.389835162366922,103.89281056926305,1182,2538.6992675570873,11.911180955539255
477,Sengkang,2006,2590,1.389835162366922,103.89281056926305,1199,2575.3214131839723,11.911180955539255
478,Sengkang,2007,2767,1.389835162366922,103.89281056926305,1380,2965.239551917277,11.911180955539255
479,Sengkang,2008,3385,1.389835162366922,103.89281056926305,1375,2954.468332615252,11.911180955539255
480,Sengkang,2009,3545,1.389835162366922,103.89281056926305,1702,3658.9060749676864,11.911180955539255
481,Sengkang,2010,3991,1.389835162366922,103.89281056926305,1915,4117.760017233951,11.911180955539255
482,Sengkang,2011,4540,1.389835162366922,103.89281056926305,1348,2896.3037483843173,11.911180955539255
483,Sengkang,2012,4810,1.389835162366922,103.89281056926305,1336,2870.452822059457,11.911180955539255
484,Sengkang,2013,4981,1.389835162366922,103.89281056926305,967,2075.5368375700127,11.911180955539255
485,Sengkang,2014,4499,1.389835162366922,103.89281056926305,974,2090.6165445928477,11.911180955539255
486,Sengkang,2015,4315,1.389835162366922,103.89281056926305,1176,2525.7738043946574,11.911180955539255
487,Sengkang,2016,4183,1.389835162366922,103.89281056926305,1443,3100.956915122792,11.911180955539255
488,Sengkang,2017,4163,1.389835162366922,103.89281056926305,1534,3296.9931064196467,11.911180955539255
489,Sengkang,2018,4190,1.389835162366922,103.89281056926305,1641,3527.4971994829816,11.911180955539255
490,Sengkang,2019,4485,1.389835162366922,103.89281056926305,1795,3859.250753985351,11.911180955539255
491,Sengkang,2020,4565,1.389835162366922,103.89281056926305,2159,4643.39551917277,11.911180955539255
492,Sengkang,2021,4840,1.389835162366922,103.89281056926305,2751,5918.707884532529,11.911180955539255
493,Sengkang,2022,5552,1.389835162366922,103.89281056926305,2300,4947.143903489875,11.911180955539255
500,Serangoon,2005,2457,1.3589596238518387,103.87222984644913,732,1569.2895303748385,7.9232918825375815
501,Serangoon,2006,2417,1.3589596238518387,103.87222984644913,660,1414.1839724256786,7.9232918825375815
502,Serangoon,2007,2712,1.3589596238518387,103.87222984644913,607,1300.0090478242137,7.9232918825375815
503,Serangoon,2008,3333,1.3589596238518387,103.87222984644913,617,1321.5514864282636,7.9232918825375815
504,Serangoon,2009,3615,1.3589596238518387,103.87222984644913,671,1437.8806548901337,7.9232918825375815
505,Serangoon,2010,4242,1.3589596238518387,103.87222984644913,749,1605.9116760017234,7.9232918825375815
506,Serangoon,2011,4843,1.3589596238518387,103.87222984644913,497,1063.042223179664,7.9232918825375815
507,Serangoon,2012,5327,1.3589596238518387,103.87222984644913,482,1030.7285652735889,7.9232918825375815
508,Serangoon,2013,5505,1.3589596238518387,103.87222984644913,365,778.6820336062042,7.9232918825375815
509,Serangoon,2014,5234,1.3589596238518387,103.87222984644913,356,759.2938388625593,7.9232918825375815
510,Serangoon,2015,5142,1.3589596238518387,103.87222984644913,396,845.4635932787592,7.9232918825375815
511,Serangoon,2016,5023,1.3589596238518387,103.87222984644913,430,918.7078845325291,7.9232918825375815
512,Serangoon,2017,4883,1.3589596238518387,103.87222984644913,430,918.7078845325291,7.9232918825375815
513,Serangoon,2018,4899,1.3589596238518387,103.87222984644913,460,983.335200344679,7.9232918825375815
514,Serangoon,2019,4859,1.3589596238518387,103.87222984644913,437,933.7875915553641,7.9232918825375815
515,Serangoon,2020,4843,1.3589596238518387,103.87222984644913,418,892.8569582076691,7.9232918825375815
516,Serangoon,2021,5136,1.3589596238518387,103.87222984644913,519,1110.435588108574,7.9232918825375815
517,Serangoon,2022,5681,1.3589596238518387,103.87222984644913,428,914.399396811719,7.9232918825375815
524,Tampines,2005,2474,1.3525716451417482,103.94789192557117,2248,4835.123222748815,12.706038639622864
525,Tampines,2006,2449,1.3525716451417482,103.94789192557117,2036,4378.423524342956,12.706038639622864
526,Tampines,2007,2559,1.3525716451417482,103.94789192557117,1846,3969.1171908660062,12.706038639622864
527,Tampines,2008,3121,1.3525716451417482,103.94789192557117,1941,4173.7703576044805,12.706038639622864
528,Tampines,2009,3341,1.3525716451417482,103.94789192557117,2175,4677.86342093925,12.706038639622864
529,Tampines,2010,3783,1.3525716451417482,103.94789192557117,2415,5194.88194743645,12.706038639622864
530,Tampines,2011,4302,1.3525716451417482,103.94789192557117,1488,3197.897888841017,12.706038639622864
531,Tampines,2012,4639,1.3525716451417482,103.94789192557117,1663,3574.8905644118913,12.706038639622864
532,Tampines,2013,4802,1.3525716451417482,103.94789192557117,1099,2359.8970271434728,12.706038639622864
533,Tampines,2014,4558,1.3525716451417482,103.94789192557117,1300,2792.9000430848773,12.706038639622864
534,Tampines,2015,4326,1.3525716451417482,103.94789192557117,1308,2810.133993968117,12.706038639622864
535,Tampines,2016,4318,1.3525716451417482,103.94789192557117,1358,2917.846186988367,12.706038639622864
536,Tampines,2017,4369,1.3525716451417482,103.94789192557117,1299,2790.745799224472,12.706038639622864
537,Tampines,2018,4407,1.3525716451417482,103.94789192557117,1368,2939.388625592417,12.706038639622864
538,Tampines,2019,4326,1.3525716451417482,103.94789192557117,1413,3036.329599310642,12.706038639622864
539,Tampines,2020,4346,1.3525716451417482,103.94789192557117,1700,3654.597587246876,12.706038639622864
540,Tampines,2021,4672,1.3525716451417482,103.94789192557117,2149,4621.8530805687205,12.706038639622864
541,Tampines,2022,5240,1.3525716451417482,103.94789192557117,1704,3663.2145626884962,12.706038639622864
548,Toa Payoh,2005,2619,1.3356789426559657,103.85740527268312,995,2135.8556656613528,5.057538745812974
549,Toa Payoh,2006,2579,1.3356789426559657,103.85740527268312,973,2088.462300732443,5.057538745812974
550,Toa Payoh,2007,2935,1.3356789426559657,103.85740527268312,873,1873.0379146919431,5.057538745812974
551,Toa Payoh,2008,3635,1.3356789426559657,103.85740527268312,961,2062.611374407583,5.057538745812974
552,Toa Payoh,2009,3816,1.3356789426559657,103.85740527268312,924,1982.904351572598,5.057538745812974
553,Toa Payoh,2010,4312,1.3356789426559657,103.85740527268312,1063,2282.3442481688926,5.057538745812974
554,Toa Payoh,2011,4851,1.3356789426559657,103.85740527268312,737,1580.0607496768635,5.057538745812974
555,Toa Payoh,2012,5187,1.3356789426559657,103.85740527268312,749,1605.9116760017234,5.057538745812974
556,Toa Payoh,2013,5287,1.3356789426559657,103.85740527268312,560,1198.7595863851789,5.057538745812974
557,Toa Payoh,2014,5124,1.3356789426559657,103.85740527268312,513,1097.5101249461438,5.057538745812974
558,Toa Payoh,2015,4906,1.3356789426559657,103.85740527268312,542,1159.9831968978888,5.057538745812974
559,Toa Payoh,2016,4757,1.3356789426559657,103.85740527268312,553,1183.6798793623439,5.057538745812974
560,Toa Payoh,2017,4810,1.3356789426559657,103.85740527268312,749,1605.9116760017234,5.057538745812974
561,Toa Payoh,2018,4523,1.3356789426559657,103.85740527268312,729,1562.8267987936235,5.057538745812974
562,Toa Payoh,2019,4238,1.3356789426559657,103.85740527268312,706,1513.2791900043085,5.057538745812974
563,Toa Payoh,2020,4104,1.3356789426559657,103.85740527268312,671,1437.8806548901337,5.057538745812974
564,Toa Payoh,2021,5086,1.3356789426559657,103.85740527268312,916,1965.670400689358,5.057538745812974
565,Toa Payoh,2022,5528,1.3356789426559657,103.85740527268312,851,1825.6445497630332,5.057538745812974
572,Woodlands,2005,2231,1.4381320049001574,103.79032033813309,2783,5987.643688065489,17.730529025210963
573,Woodlands,2006,2219,1.4381320049001574,103.79032033813309,2182,4692.943127962085,17.730529025210963
574,Woodlands,2007,2268,1.4381320049001574,103.79032033813309,2475,5324.13657906075,17.730529025210963
575,Woodlands,2008,2694,1.4381320049001574,103.79032033813309,2453,5276.7432141318395,17.730529025210963
576,Woodlands,2009,2909,1.4381320049001574,103.79032033813309,2500,5377.992675570875,17.730529025210963
577,Woodlands,2010,3279,1.4381320049001574,103.79032033813309,3193,6870.883670831538,17.730529025210963
578,Woodlands,2011,3683,1.4381320049001574,103.79032033813309,2014,4331.030159414046,17.730529025210963
579,Woodlands,2012,4027,1.4381320049001574,103.79032033813309,2136,4593.847910383455,17.730529025210963
580,Woodlands,2013,4167,1.4381320049001574,103.79032033813309,1441,3096.6484274019817,17.730529025210963
581,Woodlands,2014,3910,1.4381320049001574,103.79032033813309,1223,2627.023265833692,17.730529025210963
582,Woodlands,2015,3693,1.4381320049001574,103.79032033813309,1228,2637.7944851357174,17.730529025210963
583,Woodlands,2016,3676,1.4381320049001574,103.79032033813309,1371,2945.851357173632,17.730529025210963
584,Woodlands,2017,3571,1.4381320049001574,103.79032033813309,1531,3290.5303748384317,17.730529025210963
585,Woodlands,2018,3440,1.4381320049001574,103.79032033813309,1663,3574.8905644118913,17.730529025210963
586,Woodlands,2019,3398,1.4381320049001574,103.79032033813309,1794,3857.0965101249462,17.730529025210963
587,Woodlands,2020,3590,1.4381320049001574,103.79032033813309,1406,3021.249892287807,17.730529025210963
588,Woodlands,2021,4220,1.4381320049001574,103.79032033813309,1637,3518.8802240413615,17.730529025210963
589,Woodlands,2022,4730,1.4381320049001574,103.79032033813309,1871,4022.973287376131,17.730529025210963
596,Yishun,2005,2152,1.4277108144777344,103.83695715288297,1903,4091.909090909091,15.288933087217947
597,Yishun,2006,2159,1.4277108144777344,103.83695715288297,1774,3814.0116329168463,15.288933087217947
598,Yishun,2007,2239,1.4277108144777344,103.83695715288297,1605,3449.9444205084014,15.288933087217947
599,Yishun,2008,2738,1.4277108144777344,103.83695715288297,1586,3409.0137871607067,15.288933087217947
600,Yishun,2009,3070,1.4277108144777344,103.83695715288297,1690,3633.055148642826,15.288933087217947
601,Yishun,2010,3504,1.4277108144777344,103.83695715288297,2151,4626.161568289531,15.288933087217947
602,Yishun,2011,4012,1.4277108144777344,103.83695715288297,1466,3150.504523912107,15.288933087217947
603,Yishun,2012,4449,1.4277108144777344,103.83695715288297,1516,3258.2167169323566,15.288933087217947
604,Yishun,2013,4586,1.4277108144777344,103.83695715288297,1096,2353.434295562258,15.288933087217947
605,Yishun,2014,4227,1.4277108144777344,103.83695715288297,1171,2515.0025850926327,15.288933087217947
606,Yishun,2015,3973,1.4277108144777344,103.83695715288297,1035,2222.0254200775526,15.288933087217947
607,Yishun,2016,4057,1.4277108144777344,103.83695715288297,1119,2402.9819043515727,15.288933087217947
608,Yishun,2017,3920,1.4277108144777344,103.83695715288297,1257,2700.267557087462,15.288933087217947
609,Yishun,2018,3750,1.4277108144777344,103.83695715288297,1286,2762.7406290392073,15.288933087217947
610,Yishun,2019,3689,1.4277108144777344,103.83695715288297,1790,3848.479534683326,15.288933087217947
611,Yishun,2020,3814,1.4277108144777344,103.83695715288297,1692,3637.3636363636365,15.288933087217947
612,Yishun,2021,4495,1.4277108144777344,103.83695715288297,1750,3762.3097802671264,15.288933087217947
613,Yishun,2022,5000,1.4277108144777344,103.83695715288297,1993,4285.791038345541,15.288933087217947
